날짜,제목,내용
 2022.07.20 15:06,"[특징주]GST, 국내유일 PCM 기술 대기업·정부 콜드체인 고객 '강세'","			 [이데일리TV 심영주 기자] GST(083450) 주가가 상승세다. 의약품 유통 콜드체인 의무화 관련 법 개정안 시행을 앞둔 영향으로 풀이된다. GST의 자회사 EST는 냉장과 냉동 수송이 가능한 콜드체인(저온 유통 체계) 사업을 영위하는 회사다.(사진=GST)20일 오후 3시 GST는 전일 대비 3.89% 상승한 2만2700원에 거래되고 있다.이날 식품의약품안전처 등에 따르면 오는 21일 ‘의약품 등의 안전에 관한 규칙 일부개정령’이 전면 시행될 예정이다. 앞서 17일에는 ‘생물학적제제 등의 제조·판매관리 규칙 일부개정령’이 시행된 바 있다.두 개정안은 각각 바이오의약품과 냉장·냉동이 필요한 의약품 운송기록에 온도를 포함하도록 의무화하고 운송할 때 자동온도기록 장치를 갖추도록 하는 것이 골자다. 위반 시 판매정지나 허가취소 등 행정 처분을 내릴 수 있다.EST는 냉동 PCM과 냉장 PCM기술을 동시에 보유한 국내 유일한 기업으로 알려졌다. PCM은 Phase Change Material의 약자로 ‘상변화물질’을 뜻한다. NASA에서 우주탐사시에 우주비행사들의 체온을 오랜 시간 일정하게 유지하기 위해 개발된 물질이다. PCM은 고체 냉각 시 열에너지를 저장하고, 액화 과정에서 주변의 열을 흡수하여 주위 온도를 저온으로 오랜 시간 유지하는 기능을 수행한다. GST는 EST의 지분 73.53%를 보유하고 있다."
 2023.02.13 14:43,"GST, 지난해 영업이익 563억…전년比 21.4%↑","			 [서울=뉴시스] 김경택 기자 = GST는 지난해 연결 영업이익이 563억원을 기록해 전년 대비 21.4% 증가했다고 13일 공시했다.같은 기간 매출액과 순이익은 3128억원, 474억원으로 각각 2.7%, 21.7% 늘었다. "
 2023.02.13 14:44,"GST, 주당 300원 결산배당 결정","			 [서울=뉴시스] 김경택 기자 = GST는 보통주 1주 당 300원을 지급하는 결산배당을 결정했다고 13일 공시했다.시가배당율은 1.5%, 배당금총액은 약 27억원이다. 배당기준일은 지난해 12월31일이다. "
 2023.02.13 14:55,"GST, 지난해 영업익 563억…전년비 21.4% ↑",			 [헤럴드경제=증권부] GST는 지난해 연결기준 영업이익이 563억1776만원으로 전년대비 21.4% 증가했다고 13일 공시했다.같은 기간 매출액은 3128억4781만원으로 2.7% 늘어난 것으로 나타났다.당기순이익은 474억3359만원으로 21.7% 증가한 것으로 집계됐다.
 2023.02.13 15:00,"GST, 주당 300원 현금 배당 결정","			 [이데일리 이용성 기자] GST(083450)는 주당 300원 결산 현금 배당 결정을 했다고 13일 공시했다. 시가배당율은 1.5%, 배당금 총액은 27억원이다. 배당 기준일은 지난해 12월 31일이다."
 2023.03.27 08:11,"""GST, 반도체 불황으로 견조한 성장...밸류에이션 매력적""","하이투자증권 ""올해 매출-영업익 성장 전망""  [파이낸셜뉴스] 하이투자증권은 GST에 대해 반도체 시장 불황속에서도 견조한 성장을 이어갈 것이라며 현재의 주가 밸류에이션을 매력적으로 평가했다.   27일 하이투자증권에 따르면 GST는 반도체 및 디스플레이 제조공정 등에서 사용 후 배출되는 유해가스를 정화하는 장비인 스크러버(Scrubber)와 공정효율을 개선시키는 온도조절 장비 칠러(Chiller) 제조를 주요사업으로 영위하고 있다. 주요 고객사는 삼성전자, 삼성디스플레이, 마이크론, YMTC, CXMT 등이다.   이상헌 하이투자증권 연구원은 ""올해의 경우 반도체 수요 둔화 및 메모리 시장 재고 조정으로 인한 불확실성의 영향으로 반도체 장비시장은 약세가 전망된다""면서 ""GST 경우 삼성전자향 매출이 전년대비 증가할 것으로 예상되는 가운데 마이크론내 점유율 상승으로 지난해 수준의 매출이 유지될 것으로 기대된다""고 말했다. 더불어 중국향 및 유럽향 등도 지난해 수준의 매출이 유지될 것으로 예상했다.   이를 통해 올해 매출은 전년대비 7.6% 증가, 영업이익도 소폭 증가를 전망했다.   이 연구원은 ""무엇보다 올해 대만 파운드리 업체향 초도물량 납품이 기대되는데, 이는 곧 비메모리 업체 등으로 매출처가 확대되는 것으로 향후 매출상승 뿐만 아니라 밸류에이션 리레이팅에도 긍정적인 영향을 미칠 것""이라고 밝혔다.   마지막으로 ""현재 주가는 올해 예상 EPS 기준으로 PER 5.3 배에 거래되고 있어서 올해 견조한 실적 등을 고려할 때 밸류에이션이 매력적""이라고 했다."
 2023.05.19 11:12,"GST, 25일 기업설명회 개최",			 [서울=뉴시스] 신항섭 기자 = GST는 오는 25일 기관투자자 및 애널리스트 등을 대상으로 기업설명회를 진행한다고 19일 공시했다. 
 2023.06.29 15:48,"GST, 삼성디스플레이와 115억 규모 공급계약",			 [이데일리 김응태 기자] GST(083450)는 삼성디스플레이와 115억원 규모의 디스플레이 제조용 부대설비 공급계약을 체결했다고 29일 공시했다. 계약금액은 최근 매출액 대비 3.68%다. 계약기간은 이달 28일부터 오는 2024년 6월30일까지다.
 2023.06.29 17:43,[코스닥 공시] 벨로크 / GST / 제이아이테크,			 ◇벨로크=34억원 규모 2023~2025년 가상화시스템 유지관리 위탁용역.◇GST=삼성디스플레이와 145억원 규모 디스플레이 제조용 부대설비 공급 계약.◇제이아이테크=90억원 단기차입금 증가 결정.
